"tweet_id","in_reply_to_status_id","in_reply_to_user_id","retweeted_status_id","retweeted_status_user_id","timestamp","source","text","expanded_urls"
"97889561593647107","","","","","2011-08-01 04:41:04 +0000","web","@m1sp @mirell there's actually a lot of  art depicting ninjagenius!Kabuto as pokemon!Kabuto. All by Westerners, cuz it's a normal .jp name."
"97887303808188417","","","","","2011-08-01 04:32:06 +0000","web","I am covered in black and blue bruises from getting in a fight with toy swords with the guys. So worth it."
"97878967821938688","","","","","2011-08-01 03:58:59 +0000","web","@m1sp @mirell my teenage angst anime love was Edward Elric. And, um, Kabuto from Naruto. Don't ask. #glassesandlonghair"
"97855936307265536","","","","","2011-08-01 02:27:27 +0000","web","@m1sp @mirell I've never actually seen any version of Evangelion. I just know the red oni/blue oni thing the two girls have going on."
"97840076830158848","97836649916006401","12733992","","","2011-08-01 01:24:26 +0000","web","@mirell ""I bet it's that girl from Neon  Ge-- called it."" She's a particular favorite of the Tropegeist."
"97836338862239745","97834533130485760","12733992","","","2011-08-01 01:09:35 +0000","web","@mirell Redhead! 8) http://t.co/oleP49i","http://tvtropes.org/pmwiki/pmwiki.php/Main/TakeAThirdOption"
"97833935559602176","97830828746354688","12733992","","","2011-08-01 01:00:02 +0000","web","@mirell Eowyn is my favorite character, and while Romantic Resolution was nice, it does feel like she just got shipped out of Aragorn's hair"
"97761081958735872","97752501050281987","4620451","","","2011-07-31 20:10:32 +0000","web","@BadAstronomer the last movie is probably the least plot-dependent... get in, kill the bad guy, get the heck out of the way."
"97715223636606976","97516617663123456","28470285","","","2011-07-31 17:08:19 +0000","web","@sqorgar Volumes 3 and 4 are on the lite end of dark, but I think ""dark"" fits better than any other one-word fantasy category."
"97465911040159744","","","","","2011-07-31 00:37:38 +0000","web","Even the friends I thought were straight turned out to actually be bi. If any1 asks why my stories are all about gay people, #writewhatiknow"
"97418784763150336","","","","","2011-07-30 21:30:22 +0000","web","After ostensibly getting over my obvious thing for him years ago, I finally got a kiss from my college crush ;) #allthingscometoshewhowaits"
"97375804362723329","97375209564286976","8005492","","","2011-07-30 18:39:35 +0000","web","@pzmyers @ikewagner IT'S OVER ----- *cough* sorry."
"97374045208723456","","","","","2011-07-30 18:32:36 +0000","web","@m1sp because ""use the standard tools in a pipeline"" is the most fundamental Unix concept, which gets laser engraved on the brain."
"97370754873696257","","","","","2011-07-30 18:19:31 +0000","web","Wonder why my 3G bandwidth is ticking away. Realize I left real-time Minecraft server interface map thingie open."
"97319703030140929","97318235879383040","21812838","","","2011-07-30 14:56:39 +0000","web","@0ph3lia The last two women I know who pulled that died alone. If you're speaking of yourself, don't make the same mistake."
"97308767347146753","97307338943365122","23034673","","","2011-07-30 14:13:12 +0000","web","@hemantmehta @pzmyers my one superstition is that saying his name three times will summon him. So ssshhh!"
"97160590405025793","","63485337","","","2011-07-30 04:24:24 +0000","web","@notch Building obsidian tower at sea. Nowhere safe. Can the enders feel your gaze through glass?"
"97160041664225280","97140600457015297","649313","","","2011-07-30 04:22:13 +0000","web","@flekkzo you are the THIRD person to ask why I didn't happen to have sshd running on a graphical desktop.'Sides, I think the GPU crashed."
"97125900113547264","97123743310155776","322605828","","","2011-07-30 02:06:33 +0000","web","@ChromeFail oh I have SO MANY STORIES. Especially if you include ChromeOS. It's like it goes out of its way to make me mad."
"97124352285343744","97123340661178368","175232978","","","2011-07-30 02:00:24 +0000","web","@tpw_rules no."
"97121995107483648","","","","","2011-07-30 01:51:02 +0000","web","#Minecraft on OSX crashed full-screen and I couldn't escape. I should not EVER have to reboot because of a hung usermode program."
"97106504364195840","97080212436697088","12733992","","","2011-07-30 00:49:29 +0000","web","@mirell Chrome on my laptop tends to crash the Google Docs and Twitter tabs when I reload all at once."
"97064888903540736","","","","","2011-07-29 22:04:07 +0000","web","@m1sp nah, I envision Sora or whatever her name was (with the bird) as the warrior woman, and Kari as her magical princess companion."
"97062630451187712","97061897811148800","12733992","","","2011-07-29 21:55:09 +0000","web","@mirell I can hear the sound of your computer trying to hang itself with a noose from here."
"97060493130338304","","","","","2011-07-29 21:46:39 +0000","web","@m1sp I should do a series of character artwork on ""If I Wrote Series XYZ."" Many lacy gothic dresses and warrior women are involved."
"97055808440901632","","","","","2011-07-29 21:28:02 +0000","web","TvTropes has memetically taken control of me. Had a dream where I said ""If I wrote Digimon fic, Kari would be my possession sue."" #itstrue"
"97050818422902784","","","","","2011-07-29 21:08:12 +0000","web","ChromeOS updated the firmware without warning, on battery. 70% battery, but it still set off my instant geek panic mode."
"96999536261730305","96989721720397825","21220563","","","2011-07-29 17:44:26 +0000","web","@Mordicant Not all, but it is a problem. Youth these days yadda yadda."
"96819063031988224","96818213001768960","10342612","","","2011-07-29 05:47:18 +0000","web","@naontiotami I'm guessing @m1sp is referring to the ridiculous amount of middle school angst in an ostensibly adult cast? Or is that just me"
"96817768288092160","","","","","2011-07-29 05:42:09 +0000","web","@m1sp Gunnerkrigg is just beautiful. It starts out quirky and humorous, but gets very serious and deep and also has a LOT of art evo."
"96814692223295489","","","","","2011-07-29 05:29:56 +0000","web","@m1sp hence the ""guilty"" ;) I read for Marigold and Hanners. Wait, implying you read Drowtales? I have another person to squee to about? :D"
"96813392957935618","","","","","2011-07-29 05:24:46 +0000","web","@m1sp like Girl Genius, Drowtales, Gunnerkrigg Court. And I guess Questionable Content is a guilty pleasure."
"96813263857266690","","","","","2011-07-29 05:24:15 +0000","web","@m1sp I've never really gotten the impression that most the comics I read have an overwhelmingly male audience. I read adventure fantasy"
"96811266814910465","","","","","2011-07-29 05:16:19 +0000","web","@m1sp well they're already used by almost every webcomic I read, and I probably have a lot in common with other readers of said comics!"
"96811147986075649","96809904718884864","146114262","","","2011-07-29 05:15:51 +0000","web","@inversephase @partytimeHXLNT I've done the right-hand comment boxing thing. I've also written sleep-deprived poetry in the comments."
"96809700863115264","","","","","2011-07-29 05:10:05 +0000","web","@m1sp my honest plan is to throw it on Kindle and Adobe e-book stores and advertise on Project Wonderful with pixel art."
"96806943435399168","","","","","2011-07-29 04:59:08 +0000","web","@m1sp you can buy it like the rest of my soon to be millions and millions of fans! ;) jk, hope to have a draft for sharing soon."
"96806825164406784","","","","","2011-07-29 04:58:40 +0000","web","@m1sp it's got boy-boy, girl-girl, and trans ships, and there are even a few token _straight_ people."
"96806103496658944","","","","","2011-07-29 04:55:48 +0000","web","@m1sp btw, I'm about seven thousand words into my gay!fantasy's first volume novella."
"96802416577626113","","","","","2011-07-29 04:41:09 +0000","web","@m1sp your crush is indeed pretty transparent. ;)"
"96796742212796417","","","","","2011-07-29 04:18:36 +0000","web","@m1sp @Mordicant ""pray"" (hah) that the real spammers never learn his technique"
"96794538278002688","96792099936157699","21220563","","","2011-07-29 04:09:50 +0000","web","@Mordicant @m1sp Just reply to PZ's tweets and you'll get a visit or six. Don't bother following the links, they're just generic screed."
"96786211372404736","","","","","2011-07-29 03:36:45 +0000","web","@m1sp @mordicant and yes, I speak of He Who Must Not Be Named, PZ's creepiest stalker, triple spamming me."
"96785380547895296","","","","","2011-07-29 03:33:27 +0000","web","Good grief, some day @Twitter will figure out that if someone registers xyz001, xyz002, xyz003, etc, they should ban all new xyz*"
"96778091002728448","96776727543562240","8005492","","","2011-07-29 03:04:29 +0000","web","@pzmyers  wow, talk about ""not all atheists are actually as smart as we'd hope"". Is this a parody account?"
"96755610573471744","96752007318208512","146114262","","","2011-07-29 01:35:09 +0000","web","@inversephase sounds cute, actually."
"96754678905307136","96748053796622337","190086036","","","2011-07-29 01:31:27 +0000","web","@NotThatGreg and vimmers and emackers wonder why I just use nano."
"96743992967958529","96743709755969536","18954686","","","2011-07-29 00:49:00 +0000","web","@Kytri okay, so they're just very friend-promiscuous then, got it 8)"
"96742641542246401","","18954686","","","2011-07-29 00:43:37 +0000","web","@Kytri do you know who ""Just Buttons"" is on g+? Apparently they know everyone I know."
"96738370163712001","96734167294951424","190086036","","","2011-07-29 00:26:39 +0000","web","@NotThatGreg that's part of the troll methinks ;) vim users get all twitchy when you point out that arrow keys are vastly more user-friendly"
"96737723355893760","","","","","2011-07-29 00:24:05 +0000","web","http://t.co/0dszu2f THE MORE YOU KNOW ===?","http://en.wikipedia.org/wiki/List_of_sexually_active_popes"
"96713847582375937","96709982900334592","8005492","","","2011-07-28 22:49:12 +0000","web","@pzmyers I read that as a ""spooked scientist"" giving an explanation... though it does sound like he's justifiably spooked by the USA."
"96680418648129536","96678668520259585","35106260","","","2011-07-28 20:36:22 +0000","web","@TristEndo yyyyyyup. It was at about 70% battery when it suddenly decided that the battery had gone MIA."
"96675070977638400","","","96674292741316608","86765572","2011-07-28 20:15:07 +0000","web","RT @abeocracy: How to troll a vim user: http://t.co/9gn99yB","http://www.ehow.co.uk/how_8733570_insert-parentheses-around-something-vim.html"
"96674682996129792","96669430519562240","175232978","","","2011-07-28 20:13:35 +0000","web","@tpw_rules not zero percent battery, it claims there is literally no battery. Zero percent of course just means less than one."
"96668047368130560","","","","","2011-07-28 19:47:13 +0000","web","The laptop says it has no battery. It's not plugged in. Apparently ChromeOS can run entirely on faith in Google."
"96647024249810944","","","","","2011-07-28 18:23:40 +0000","web","My brother's 3DS and Windows couldn't read a ""corrupted"" SD card. Popped it into Linux and it mounted fine, now the 3DS can read it again."
"96395992047423488","96392844591366144","45715585","","","2011-07-28 01:46:10 +0000","web","@misuzulive aww :&gt; i didn't know you had a lady fair :&gt;"
"96341927129120770","96334453454016514","68878049","","","2011-07-27 22:11:20 +0000","web","@Xaosopher implying you think I need lessons? 8)"
"96310090809868288","","","","","2011-07-27 20:04:49 +0000","web","WHY IS SKYPE'S USER EXPERIENCE SO POOR."
"96303432129986560","96296357228318720","138623931","","","2011-07-27 19:38:22 +0000","web","@THEwmAnderson Honestly, I wouldn't bother with ChromeOS with hardware not specifically designed for its security features."
"96303176692670464","96302220236161024","649313","","","2011-07-27 19:37:21 +0000","web","@flekkzo I already understand the sequence, I just don't understand why I bothered to write it down."
"96293378324566016","","","","","2011-07-27 18:58:25 +0000","web","The leftmost column abruptly switches to hexadecimal for no apparent reason, too. What on earth was I... I don't even."
"96292984445861888","","","","","2011-07-27 18:56:51 +0000","web","Open old notebook, find columns of mysterious numbers in the margins. Must have been a wild night. ""10,16,6;20,32,12,6;30,48,18,6"", etc."
"96258486589067264","96257715134926848","16450368","","","2011-07-27 16:39:46 +0000","web","@furicle Old people on Twitter are infinitely cooler than old people who say Pokemans be making our childrens violent"
"96256726180954113","","","","","2011-07-27 16:32:46 +0000","web","Porky has a loaded gun in his drawer and Sylvester attempts to shoot himself w/ it. Old people just lost ALL right to complain about games."
"96239313792155648","","","96079253082345472","18954686","2011-07-27 15:23:35 +0000","web","RT @Kytri: My brother's game @kickstarter  please RT In The Dark: Puzzles Past Bedtime by Mark Thompson ? Kickstarter http://t.co/H0SE6A1","http://kck.st/o0trUC"
"96072896824360960","","","96012392907026432","38975663","2011-07-27 04:22:18 +0000","web","RT @quinnnorton: Are you part of an online community where LGBTQ groups/forums/lists have been deleted? Please @ me- I'd like to talk to ..."
"96068660682174465","96040237070954498","14052466","","","2011-07-27 04:05:28 +0000","web","@cortesi @vaurora I've had the same problem *while sitting on my own bluetooth keyboard.*"
"95956269478854656","95950864644190208","35106260","","","2011-07-26 20:38:52 +0000","web","@TristEndo uhhh.... right... EVERYONE can afford a car... ESPECIALLY the types who need public transit to get to work!"
"95929040128577537","95927487082672128","65845659","","","2011-07-26 18:50:40 +0000","web","@0xcharlie wow, talk about getting root from root. Also, I told a prof years ago about the firewire/ram thing, he didn't believe me..."
"95694166650130432","95682884337274880","649313","","","2011-07-26 03:17:21 +0000","web","@flekkzo that would carry an odd quirk to a dark and horrible place. b'sides, totally using Google Music like a good beta dirt eater."
"95691422849703936","95691063502716929","7831192","","","2011-07-26 03:06:27 +0000","web","@wookiee OH GODS OUT OF CONTEXT OUT OF CONTEXT"
"95674700453257216","95674310928252928","28470285","","","2011-07-26 02:00:00 +0000","web","@sqorgar ""asperand"" sounds like some sort of drug, actually."
"95673709225979905","95673038254780416","146114262","","","2011-07-26 01:56:04 +0000","web","@inversephase beb I've used them all, they've all failed me in a spectacular fashion at an inopportune moment."
"95672357812842496","95670519470370817","146114262","","","2011-07-26 01:50:42 +0000","web","@inversephase @stevenklise @THEwmAnderson @nocarrier OH shush. Linux distros break every time you blink and we all KNOW it (and forgive)."
"95664623323328512","95659653312155648","15175465","","","2011-07-26 01:19:58 +0000","web","@stevenklise &lt;3 &lt;3 &lt;3 I haven't downgraded yet, but good to know there's a clean method waiting for me to fix the brain damage."
"95660659219513346","","","","","2011-07-26 01:04:13 +0000","web","I have to hide the play count column in music managers, or I'll get obsessive about keeping them all the same."
"95602690368868352","95600995710676992","6878632","","","2011-07-25 21:13:52 +0000","web","@zenalbatross at least, I'm _assuming_ you're American-born."
"95602545782833152","95600995710676992","6878632","","","2011-07-25 21:13:17 +0000","web","@zenalbatross good luck finding 2 meters on a side to build your cabin in the Netherlands ;) Tho unlike you, I'm legally entitled to try..."
"95534718052876288","","","","","2011-07-25 16:43:46 +0000","web","""If tongue could cut for any reason, and as the sword could do, the dead would be infinite."" - Filippo Vadi, swordmaster of the 1480s"
"95527599022931968","","","","","2011-07-25 16:15:29 +0000","web","http://t.co/iENKXrb #dwarffortress I realize I'm a few days late but Holy Haleakala #dwarffortress","http://www.nytimes.com/2011/07/24/magazine/the-brilliance-of-dwarf-fortress.html?pagewanted=1&_r=1"
"95288835692441600","","","","","2011-07-25 00:26:43 +0000","web","@m1sp well if it isn't incredibly obvious, I are Americanish."
"95279472533704705","","","","","2011-07-24 23:49:31 +0000","web","Who do I know in/near Virginia that I can tell about http://t.co/Oh9bJoe ... umm, @ShadowTodd @tpw_rules @wookiee @misuzulive @Kytri :) :)","http://magfest.org/camping/"
"95274079782842368","","","","","2011-07-24 23:28:05 +0000","web","@m1sp this will drive me mad until you tell me, I had you pegged as American or Canadian"
"95272354262958080","","","","","2011-07-24 23:21:13 +0000","web","Okay, @inversephase has me INSTANTLY super mega excite for http://t.co/Oh9bJoe you should come!!","http://magfest.org/camping/"
"95270978107604992","","","","","2011-07-24 23:15:45 +0000","web","@m1sp not that speak English! (Australia is fictional) (so is Hong Kong et cetera) (and everyone who speaks ESL)"
"95269612345761793","","","","","2011-07-24 23:10:20 +0000","web","@m1sp then it's not really Monday?!"
"95268268490768385","95266098957660160","146114262","","","2011-07-24 23:04:59 +0000","web","@inversephase my father says he will probably be able to bring me! Chewie probably won't be able to get the time off tho :'("
"95267794744131584","","","","","2011-07-24 23:03:06 +0000","web","@m1sp you're a Euro? :O"
"95265860154949632","95264361123295232","146114262","","","2011-07-24 22:55:25 +0000","web","@inversephase what is this reunion of which you speak?"
"95245300217819136","95244481871351809","8917142","","","2011-07-24 21:33:43 +0000","web","@dakami it's very high on my list of ""things to name my as-yet-unborn supervillainess heiress"""
"95242740853522432","","","","","2011-07-24 21:23:33 +0000","web","Despite the negative connotations due to HP, I am in love with the name ""Bellatrix."""
"95236260486057984","95235082624839680","48889083","","","2011-07-24 20:57:48 +0000","web","@stillchip what? He was terrified we'd break them. He brought in his nixie tube clock and wouldn't let any of us get closer than 5 feet."
"95234306267549696","95234144119959552","48889083","","","2011-07-24 20:50:02 +0000","web","@stillchip we weren't allowed to touch our professor's nixie tubes... :P"
"95233204054786049","95232441823928320","48889083","","","2011-07-24 20:45:39 +0000","web","@stillchip If it makes you feel any better, we totally did hand-wiring in school - and Minecraft is making it a trendy hobby again ;)"
"95227413872644099","95223891038978051","48889083","","","2011-07-24 20:22:39 +0000","web","@stillchip @mister_borogove @furicle and sadly, I don't think there will be any of those to receive an education from for much longer :("
"95227263817224192","95223891038978051","48889083","","","2011-07-24 20:22:03 +0000","web","@stillchip @mister_borogove @furicle I was educated by the ""computer scientist before computer science was a field"" type of professor 8)"
"95162144286445568","","","","","2011-07-24 16:03:17 +0000","web","The academic shoddiness of this ""Ancient Aliens"" series is surpassed only by the audacity of treating it like a legit history documentary."
"95161222151946240","","","94780213828911104","813286","2011-07-24 15:59:38 +0000","web","RT @BarackObama: Yesterday the President certified the repeal of ?Don?t Ask, Don?t Tell."" Gays and lesbians will serve their country ope ..."
"95150146156896256","95018916199407616","16798412","","","2011-07-24 15:15:37 +0000","web","@mister_borogove @stillchip @furicle thanks for confirming you're ooooold ;) ;) ;) #itsallinjest"
"95013167310176256","95011777535950848","28470285","","","2011-07-24 06:11:19 +0000","web","@sqorgar does Fat Princess count?.... no?.... ummm, well....."
"94998620767657984","","","","","2011-07-24 05:13:30 +0000","web","So, if most of my Twit/G+ followers are men ten to thirty years older than me, that must mean I'm really mature and responsible, right? :)"
"94986302574952449","94983518349836288","42256596","","","2011-07-24 04:24:33 +0000","web","@jennifurret when in doubt... write about pokemon ."
"94980336139780096","","","","","2011-07-24 04:00:51 +0000","web","Seen at a local brook: ""No fishing on the first Friday of April."" Oddly... specific."
"94969297947987968","94964459549892608","649313","","","2011-07-24 03:16:59 +0000","web","@flekkzo I understand what you mean, and it's already caused me a lot of anxiety with the number of people who've seen it."
"94954542067752960","","","","","2011-07-24 02:18:21 +0000","web","Get reshared on g+ by @pzmyers , get six new followers of the opposite gender in under one minute. The man is an internet typhoon."
"94942629862711296","94942123178205184","48889083","","","2011-07-24 01:31:01 +0000","web","@stillchip as in drive-in movie theatre? There is one literally two miles from here. My father is there RIGHT NOW. :P"
"94941388218707968","94940423121928192","42256596","","","2011-07-24 01:26:05 +0000","web","@jennifurret @joemcken It was actually markedly different from in my head. Their version was fine, but I prefer the in-my-head Molly."
"94934067413397504","","","","","2011-07-24 00:57:00 +0000","web","Dear Google+: #pseudonymsarenotasin Yeah, tonight is not a good night for me and the Big G."
"94933758121226240","94929896974983169","48889083","","","2011-07-24 00:55:46 +0000","web","@stillchip your senior citizen status is showing 8)"
"94929512441192448","","","","","2011-07-24 00:38:54 +0000","web","I especially love it when something that used to works suddenly doesn't, and never comes back. Thank you, ChromeOS!"
"94929017597206528","","","","","2011-07-24 00:36:56 +0000","web","You know what I love about ChromeOS? The surprise crashes. And the instability. And features randomly changing in infuriating ways."
"94907328255635456","","","","","2011-07-23 23:10:45 +0000","web","I haven't played DFO in over a year. Forgot to turn on my mana shield and forgot how to throw my chaser orbs. Now I'm very, very dead."
"94897925343289344","","","","","2011-07-23 22:33:23 +0000","web","Game downloaders which don't include the patches make me wanna GAMER HULK SMASH"
"94887775328944128","94885802345107456","42256596","","","2011-07-23 21:53:03 +0000","web","@jennifurret you can record directly on Youtube (of course you can cancel and refilm if it doesn't come out right)"
"94885461952180224","","","","","2011-07-23 21:43:51 +0000","web","Stupid Dungeon Fighter Online apparently STILL isn't Vista compatible. Newsflash, DFO... not long till Windows Freaking Eight."
"94868927867400192","","","","","2011-07-23 20:38:09 +0000","web","BTW, realized the power blinked out early this morning. That'd be what happened to my internet. Comcast's stuff blows a fuse every time."
"94862828380504064","","","","","2011-07-23 20:13:55 +0000","web","Google Music keeps randomly deciding I only want the right channel of my audio anyway."
"94847586665639936","","","94843119949971456","823980","2011-07-23 19:13:21 +0000","web","RT @Skud: suspended from google+ for name violation? help me gather data about what's going on http://is.gd/nonplussed please help sprea ..."
"94831867483787264","","","","","2011-07-23 18:10:53 +0000","web","Why is my internet so impossibly slow? Why is Comcast giving me a stupid fake DNS redirect for google freaking dot com? #stabbity"
"94569070799765504","","","","","2011-07-23 00:46:38 +0000","web","I'm a canon nut and I approve of the last HP movie. I also cried like a little baby. Gods _bless_ you, Rowling et al."
"94508513065308160","","","","","2011-07-22 20:46:00 +0000","web","@m1sp that was exactly the trope I had in mind...."
"94507796057440256","","","","","2011-07-22 20:43:09 +0000","web","Someone called the Google number I don't give out and didn't leave a message. Can't shake the feeling it was a superhero team or something"
"94464769704210433","","","","","2011-07-22 17:52:10 +0000","web","The local ""we serve alcohol"" theatre has four showings of Winnie the Pooh today. #playingtothedemographics"
"94443003829157888","","","","","2011-07-22 16:25:41 +0000","web","@m1sp explaining why the world is a series of self-sufficient islands about a mile across?"
"94440561725018112","","","","","2011-07-22 16:15:59 +0000","web","Reading a lame Pokemon Ruby/Sapphire sprite rip comic. The plot is about six times better than the real Ruby/Sapphire."
"94434013195927553","94433328245121024","26541738","","","2011-07-22 15:49:57 +0000","web","@nocarrier @stevenklise Ugh that alone gives me the hives thinking about upgrading. Lion just seems like 0xabad1dea all around."
"94432309389955072","","","","","2011-07-22 15:43:11 +0000","web","@m1sp Am I crazy if I feel like coffee actually _un_anxiouses me? I know another guy who feels the same way"
"94190304650989568","94188886972055552","59265177","","","2011-07-21 23:41:33 +0000","web","@berickcook it's how I snagged my husband, actually. That and high-precision Mario Karting."
"94183218554740736","94181342266404864","59265177","","","2011-07-21 23:13:23 +0000","web","@berickcook I never attract the ladies! It's always ""my asm brings all the boys to the yard"" (or occasionally my Smash Bros technique)"
"94169379050233856","94164096072691712","23566038","","","2011-07-21 22:18:24 +0000","web","@mikkohypponen absolutely not. I *HATE* Monthy Python #thereisaidit"
"94118255744126976","","","","","2011-07-21 18:55:15 +0000","web","@m1sp don't be silly, his jingle is Depeche Mode"
"94113825690890240","","","","","2011-07-21 18:37:39 +0000","web","@m1sp Oh great, you said his name, he works like Betelgeuse or Bloody Mary you know!"
"94103053933883392","","","","","2011-07-21 17:54:51 +0000","web","@m1sp oh my twitter that bothers me too. A few times I've called out a""top tweeter"" on it but I never get a response."
"93869413291405313","93868829503012864","30071759","","","2011-07-21 02:26:26 +0000","web","@vaurora if you say so :)"
"93840911930372096","","","","","2011-07-21 00:33:11 +0000","web","Oh hey I found the sauce of that one pic of that ravishingly handsome Red Mage devil! http://t.co/EXsFYhB","http://northernbanshee.deviantart.com/art/8BT-Red-Mage-62325796"
"93834514454937600","","","","","2011-07-21 00:07:46 +0000","web","#dearfreshman don't be that idiot who sneaks into an upperclassman's party the first semester & discovers they can't actually handle alcohol"
"93831004539731968","93830839258976256","68878049","","","2011-07-20 23:53:49 +0000","web","@Xaosopher yes, exactly, they all have 8yo daughters for some reason, but they're not mature enough for what they're doing."
"93830844044673024","93823635495731200","190086036","","","2011-07-20 23:53:11 +0000","web","@NotThatGreg they seemed unwilling to debate a girl their age in a nightie giving them the ""I AM WATCHING @YOGSCAST"" death glare."
"93830215775686656","","","","","2011-07-20 23:50:41 +0000","web","Apparently every Italian restaurant in the county uses unpaid and untrained child labor for waitresses."
"93785898730266624","93785656085590016","146114262","","","2011-07-20 20:54:35 +0000","web","@inversephase come inside 8)"
"93784855149686785","93784035087761408","146114262","","","2011-07-20 20:50:26 +0000","web","@inversephase They looked absolutely mortified when I leaned into the frame and said ""You probably don't want to come in, I'm not dressed"""
"93783099112030209","","","","","2011-07-20 20:43:27 +0000","web","Mormons at the door for the first time ever! I'M NOT PROPERLY DRESSED MUAHAHAHA."
"93748853093838848","93429024155631616","35295295","","","2011-07-20 18:27:23 +0000","web","@jmittell @vaurora Kind of falls flat for me... came across as ""women should never write stories featuring a male titular lead"""
"93544734307520512","","","","","2011-07-20 04:56:17 +0000","web","Planned fifteen minute downtimes are NEVER fifteen minutes."
"93541458140872705","93540808925511681","7831192","","","2011-07-20 04:43:16 +0000","web","@wookiee awwww so THAT'S your sad origin story"
"93413503557316608","","","","","2011-07-19 20:14:49 +0000","web","@m1sp most girls who look *that* girly have an on/off switch for it. It's impossible to uphold that standard around the clock."
"93409682336661504","","","","","2011-07-19 19:59:38 +0000","web","@m1sp ... big-eyed Asian girl... skirt.... tights with bows on the top ... ....... do I want to marry her or do I want to BE her?"
"93405934570835968","","","","","2011-07-19 19:44:44 +0000","web","@m1sp the sort of people 4chan is famous for aren't noted for having a good grip on reality."
"93401349089271809","","","","","2011-07-19 19:26:31 +0000","web","@m1sp what happened in the European Theater just fails to hold that keeps-you-awake close-to-home relevancy to the Japanese."
"93379407888138240","93366719984308225","28470285","","","2011-07-19 17:59:20 +0000","web","@sqorgar Japanese High School Destiny? Fluffy can be the antagonistic male teacher!"
"93174266027188224","93173586709323777","28470285","","","2011-07-19 04:24:10 +0000","web","@sqorgar they actually specifically told me they had a third-party liquidator. The staff was very chatty about it."
"93172962148093952","93172636925952001","28470285","","","2011-07-19 04:18:59 +0000","web","@sqorgar I actually got a bunch of stuff for a few bucks at my local closing Borders (granted not on the first _day_ of their blowout sale)"
"93162486865473536","","","","","2011-07-19 03:37:22 +0000","web","""Your character dialogue has that foreign Shakespearean sound to it."" Well, I guess England is _technically_ foreign... #wespeakamerican"
"93156114547486720","93139515253866496","146114262","","","2011-07-19 03:12:03 +0000","web","@inversephase not that kind of root!"
"93111176090750976","93106295384715264","42256596","","","2011-07-19 00:13:28 +0000","web","@jennifurret pokemon. Self-insertion pokemon fanfic."
"93061954721153024","93061521755742208","14326287","","","2011-07-18 20:57:53 +0000","web","@landley yup, old but true ;)"
"93060850960695296","93059882177142784","13949182","","","2011-07-18 20:53:30 +0000","web","@rubbsdecvik obligatory response: 127.0.0.1 ;)"
"93060145403273217","93059507143454720","16521087","","","2011-07-18 20:50:42 +0000","web","@MrToph that was roughly 61% sarcasm :P"
"93058791448379392","","","","","2011-07-18 20:45:19 +0000","web","Remind me to stop getting into stupid arguments with haxxor scene wannabes. ""Ooooooh I'm gonna root ya"""
"93057921730093058","93057387711303680","16521087","","","2011-07-18 20:41:52 +0000","web","@MrToph Hey now, that's Amazon's fault - the fact that reddit isn't ALWAYS down means he must be godly good at this ;)"
"93037552625385472","","","","","2011-07-18 19:20:55 +0000","web","control-a and shift-a why you gotta be so close together"
"92973537761050625","","","","","2011-07-18 15:06:33 +0000","web","Feel like I was hit by the Sleepytimes Truck. My limbs are like lead. My eyes bloodshot. Did anyone get the license number..."
"92450847245602816","92443807450267648","12733992","","","2011-07-17 04:29:34 +0000","web","@mirell did you buy fruits and veggies? way out of character for someone who usually buys techie stuff ;)"
"92425662656282624","92425067367108609","21812838","","","2011-07-17 02:49:29 +0000","web","@0ph3lia haha, yeah right. #careerdeathbystereotype"
"92408243925692416","92407812692512768","42256596","","","2011-07-17 01:40:16 +0000","web","@jennifurret @pzmyers I assume that beards don't feel any different from head hair when it's actually your own hair... but I'll never know."
"92389663125422080","92388791255441408","42256596","","","2011-07-17 00:26:26 +0000","web","@jennifurret Dawkins Does Mythology? You have my attention."
"92358528089595906","","","","","2011-07-16 22:22:43 +0000","web","Put on headphones to muffle outside noise. Feel like they won't work for this till I plug them in."
"92333167834443776","92331736947638273","297668848","","","2011-07-16 20:41:57 +0000","web","@Evil_Notch imgur often doesn't update image views for half an hour at a time."
"92326799542984704","92326480180289536","8032822","","","2011-07-16 20:16:39 +0000","web","@mollstam did you trip the breakers?"
"92322276162277376","","","","","2011-07-16 19:58:40 +0000","web","""ZOMG DAD HAS A PIZZA BOX"" -&gt; ""IT'S VEGGIE"" #hardestletdownever"
"92321230719426560","92319895051702273","8005492","","","2011-07-16 19:54:31 +0000","web","@pzmyers @JenLucPiquant my philosophy professor was the best ever. The man WAS perfectly honest about what he thought. Also, crazy old."
"92278902415818754","92111224141127681","23034673","","","2011-07-16 17:06:19 +0000","web","@hemantmehta actually, stuff like that immediately un-proves manhood to me."
"92278065589256193","","","","","2011-07-16 17:02:59 +0000","web","@m1sp my solution is more elegant: beat people who use spaces in filenames with my hardcover cryptography textbooks."
"92277510372466689","92269586468175872","175232978","","","2011-07-16 17:00:47 +0000","web","@tpw_rules well, actually, my ChromeOS laptop here would need jailbreaking :) I even know how to do it, but I won't."
"92083988734279680","92079402342559744","46267499","","","2011-07-16 04:11:48 +0000","web","@sanitybit D: D: D: zomg who could hit someone and just drive off without checking if they're okay"
"91958253201797121","","","","","2011-07-15 19:52:10 +0000","web","I seem to be having a prob with @googledocs where every particularly long word (incredulously, bewilderment, exaggeration) is underlined red"
"91952739805966336","91952499170361344","5156901","","","2011-07-15 19:30:16 +0000","web","@Jaku perfectly. And he doesn't even do it on purpose."
"91952281376919552","91951566596222976","5156901","","","2011-07-15 19:28:26 +0000","web","@Jaku However my brown-haired wookiee-sized protohusband murdered the last six redheads who approached. True story. 8)"
"91951375570845696","91950769984634880","5156901","","","2011-07-15 19:24:50 +0000","web","@Jaku @MrToph I have a thing for redheads, and a thing for nerds, so I had to ask ;)"
"91948507413491712","91948104684814337","16521087","","","2011-07-15 19:13:27 +0000","web","@MrToph No, no I do not. Who's the redhead? :&gt;"
"91947185171734528","91946478800609280","8917142","","","2011-07-15 19:08:11 +0000","web","@dakami @MrToph well it's not hard to guess how I got it. ;) Can't help but turning on the manly swagger every time I wear it, too."
"91942619906711553","91941405584396288","16521087","","","2011-07-15 18:50:03 +0000","web","@MrToph my Vista pentester shirt was supposed to only be for the actual team, but a real sweetheart snuck me one. I bet @dakami has one too"
"91940487187005441","91939710884253698","16521087","","","2011-07-15 18:41:34 +0000","web","@MrToph What's your favorite vendor tee? I have a long-sleeved Windows Vista Pentesters Team one. With a Lovecraft quote."
"91909468501188608","91829443781337088","12733992","","","2011-07-15 16:38:19 +0000","web","@mirell a woman who does not speak the language natively, actually."
"91753995001016320","","","","","2011-07-15 06:20:31 +0000","web","You know what is really hard? Remembering that a really talkative character never uses contractions is HARD. #isweartheapostraphesbreed"
"91753688271560706","91748535783002112","18954686","","","2011-07-15 06:19:18 +0000","web","@Kytri @0xabad1dea hi!"
"91698593492242432","91696794370711553","45715585","","","2011-07-15 02:40:23 +0000","web","@misuzulive As far as I know, 5 years is the maximum shelf life of pretty much anything actually edible. I wouldn't do it if I were you..."
"91686908702363648","","","","","2011-07-15 01:53:57 +0000","web","What, why is ""bewilderment"" not in my spell check, that is SO TOO a word! #smalldictionaryrage"
"91670294095331328","","","","","2011-07-15 00:47:55 +0000","web","""Shied"" is one of those words that just doesn't look right. #nowyouseeittoo"
"91667831409741824","91666534358990848","28392936","","","2011-07-15 00:38:08 +0000","web","@thegza10304 just don't challenge any fangirl's sensibilities about who SHOULD have married who and you'll be fine ;)"
"91644138830827520","91642220066775040","42256596","","","2011-07-14 23:04:00 +0000","web","@jennifurret Skepticism Online in two words: ""Google. Snopes."""
"91588403778433024","","","","","2011-07-14 19:22:31 +0000","web","Understand whole phrase in Japanese love song. I'm fluent!! #theonlyjapanesewordsiknowarepoplyrics"
"91576176878952448","91571752605462528","4620451","","","2011-07-14 18:33:56 +0000","web","@BadAstronomer you just know that in a thousand years, archaeologists will be debating the evidence for Gopherism idolatry."
"91560728221327360","91559238891077633","16798412","","","2011-07-14 17:32:33 +0000","web","@mister_borogove oops."
"91555241933275136","91548444103151616","14103557","","","2011-07-14 17:10:45 +0000","web","@joshaber @wookiee I've been using Windows ironically since before it wasn't cool to use Windows"
"91553329636839424","","","","","2011-07-14 17:03:09 +0000","web","Finally pinpointed exactly which manga stereotype I am! http://t.co/WXPobrw","http://tvtropes.org/pmwiki/pmwiki.php/Main/Dandere"
"91536604128223232","","","91535377072013312","19674502","2011-07-14 15:56:41 +0000","web","RT @AmbassadorRice: On behalf of the United States of America: a warm welcome to the Republic of South Sudan, the UN's 193rd member state."
"91381557356531712","","","","","2011-07-14 05:40:35 +0000","web","@m1sp DM :&lt;"
"91379035661271040","","","","","2011-07-14 05:30:34 +0000","web","@m1sp There are no arguments, because I've taken great pains to keep it that way."
"91354857830756352","91353342500012032","35106260","","","2011-07-14 03:54:30 +0000","web","@TristEndo to-put-it-MILD-ly."
"91352983610204160","","","","","2011-07-14 03:47:03 +0000","web","There's just a certain crowd that I've had to go to lengths not to offend and that group just shrunk 8D"
"91352015745200128","","","","","2011-07-14 03:43:12 +0000","web","I think I've worried a few of you... no, I don't hate religious people, I'm not gonna bite your head off... unless you really ask for it ;)"
"91348190149881856","91346378080530435","35106260","","","2011-07-14 03:28:00 +0000","web","@TristEndo and what (if any) extensions does it use? I only have Nestopia on this computer, hahaha."
"91347566159081472","91346378080530435","35106260","","","2011-07-14 03:25:31 +0000","web","@TristEndo aww yay thank you!!! &lt;3 &lt;3 &lt;3 Is this made with mml or famitracker? :&gt;"
"91335180958187520","","","","","2011-07-14 02:36:18 +0000","web","@m1sp Time to become a professional kickbiter. #itsthedwarvenway"
"91330961039572992","91330342308425728","42256596","","","2011-07-14 02:19:32 +0000","web","@jennifurret Does that sound like a death threat to you? Sounds like one to me. Police time!"
"91314368087736320","91308027734536192","274840371","","","2011-07-14 01:13:36 +0000","web","@krsec @almightygod I come from, um, a *special* background. I am actively dodging being sent to seminary..."
"91307891683885056","","","","","2011-07-14 00:47:52 +0000","web","@m1sp hey now, the slade bug is fixed! much more likely to get nurse shark bone kittens."
"91306143091138560","91305398476353536","45715585","","","2011-07-14 00:40:55 +0000","web","@misuzulive you on g+ yet, linkiedinks? 8D"
"91304898972491776","91303643697000448","16521087","","","2011-07-14 00:35:58 +0000","web","@MrToph those brain reset devices for preventing ptsd are getting really effective ;)"
"91298902854217728","","","","","2011-07-14 00:12:09 +0000","web","Oh thank @almightygod someone close finally came out as a non-believer to me. Now I can share funny posts on g+ with them."
"91249117262651392","","42256596","","","2011-07-13 20:54:19 +0000","web","@jennifurret May-bus put me on his hit list because I discussed shoes with you. Evil robot zombie atheist shoes. #winning"
"91236852660572160","91235532180426752","88223099","","","2011-07-13 20:05:35 +0000","web","@marshray Thank you very much &lt;3 &lt;3 &lt;3"
"91228777895571458","","","","","2011-07-13 19:33:30 +0000","web","In case you were wondering, this is my favorite Kasane Teto song, covering Gumi http://t.co/7BxJlMW #utau #vocaloid","http://nicosound.anyap.info/sound/sm14029847"
"91217934118158336","91215348078088193","207691003","","","2011-07-13 18:50:24 +0000","web","@Kufat look, all I know is bacon isn't kosher, bats aren't kosher, grasshoppers are kosher."
"91216207130271745","","","","","2011-07-13 18:43:33 +0000","web","@m1sp that would be a pretty easy mandate to fulfill, actually"
"91215121921220609","91179110046498816","207691003","","","2011-07-13 18:39:14 +0000","web","@Kufat It's your Jewish genes. Thousands of years of anti-bacon selection. To the rest of us, it tastes like ecstasy."
"91212700058787841","91198394973945856","45715585","","","2011-07-13 18:29:37 +0000","web","@misuzulive Awww. Can I still call you Linkies?"
"91212451009400833","91112917700837376","8917142","","","2011-07-13 18:28:37 +0000","web","@dakami When I was in 7th grade, I played around with some midi generator and got some surprisingly good results, still have them!"
"91026343378161664","91024932309442560","35106260","","","2011-07-13 06:09:06 +0000","web","@TristEndo Aww. &lt;3 Dun worry about it, I will be happy with anything &lt;3"
"91008207463514112","91005132845752321","42256596","","","2011-07-13 04:57:02 +0000","web","@jennifurret my philosophy is, who actually notices shoes anyway?"
"90994012323987456","","","","","2011-07-13 04:00:37 +0000","web","@tacitsawk Hey, I dislike both Lisp AND Haskell! What do I win? ;)"
"90992501720219648","90991920309997568","21220563","","","2011-07-13 03:54:37 +0000","web","@Mordicant Yes of course ;) You don't get into the stalker club until you start mailing me electronics catalogs anyway ;) #longstorydontask"
"90991611558891520","90989850651672576","21220563","","","2011-07-13 03:51:05 +0000","web","@Mordicant We can not find him in the sea, we can not find him in a tree. We can not find him in the sky, even if we really try ;)"
"90989280612188160","90982706384605184","21220563","","","2011-07-13 03:41:49 +0000","web","@Mordicant a good first choice. Does it come in Seuss Edition? ""God is not great. He is not there. We cannot find him anywhere."""
"90979501898612737","90978504199512065","175232978","","","2011-07-13 03:02:58 +0000","web","@tpw_rules at this point, the problem must be your data. The video and audio must be fundamentally out of sync."
"90969401188298752","","28470285","","","2011-07-13 02:22:50 +0000","web","@sqorgar My friend and I agree... we hope there's a scene where Lucille reverts to a cow in the final episode. Just because."
"90966379494260736","90965745030266880","8005492","","","2011-07-13 02:10:49 +0000","web","@pzmyers @erichutch If a stranger says to me ""I'ma see you in the enclosed space with no cameras, baby,"" my first thought is where is weapon"
"90964281478221824","90963416755339264","21220563","","","2011-07-13 02:02:29 +0000","web","@Mordicant Actually I like goatees! But I only see a baby in your avatar! :P Hence in my head you're a really smart toddler or something?"
"90963328561709056","90962957403553792","21220563","","","2011-07-13 01:58:42 +0000","web","@Mordicant No, you're not creepy, haha. As far as I know. #dundundun"
"90962634572177408","90959117832814593","15661851","","","2011-07-13 01:55:56 +0000","web","@iameltonjohn @dakami @0xcharlie lol well ""hex"" is the logically correct pronunciation... I just can't help what I hear in my head XD"
"90962484122501120","90961876283961344","21220563","","","2011-07-13 01:55:20 +0000","web","@Mordicant If you're worried about being one of my creepy fanboy stalkers, you haven't even approached the top 100 yet ;)"
"90960920427233280","90958183719378944","8005492","","","2011-07-13 01:49:08 +0000","web","@pzmyers I bothered to check his blog... just looks like some1 who enjoys shouting whatever opinion they form on a whim. World of Whatever."
"90955793586847744","90953668551118849","100646218","","","2011-07-13 01:28:45 +0000","web","@linkington @misuzulive Are you by any chance the same person? I thought Misuzu used to use Link as a nickname..."
"90955025513324544","90950938361204736","42256596","","","2011-07-13 01:25:42 +0000","web","@jennifurret Well it can also be any of the colors of the shirt!"
"90950557442899968","90948601005613056","237845487","","","2011-07-13 01:07:57 +0000","web","@GeorgeTakei Can't... resist.... .... that's what he said"
"90938192076877824","90937308173434880","5637652","","","2011-07-13 00:18:49 +0000","web","@codinghorror Working on it, sir!"
"90926047494811649","","42256596","","","2011-07-12 23:30:33 +0000","web","@jennifurret @pzmyers Augh, Cthulhu save me, I *HATE* paisley. It always looks like ugly amoebas/other microscopic life to me. Not flowers."
"90920203080306688","90919372268384256","42256596","","","2011-07-12 23:07:20 +0000","web","@jennifurret Cranberry"
"90919172112003072","90918665435877377","8917142","","","2011-07-12 23:03:14 +0000","web","@dakami @0xcharlie Even though it doesn't make semantic sense, I've always heard ""0x"" as ""zero-by"" in my head. Hows about you guys?"
"90918348556206081","90917216542916608","8917142","","","2011-07-12 22:59:58 +0000","web","@dakami @0xcharlie I mentally only pattern-match my own name against the ""0x"". Your crosschatter confuses my tokenizer ;)"
"90916928297766912","90915579355074560","7831192","","","2011-07-12 22:54:19 +0000","web","@wookiee Making them uncomfortable is kind of a full-time hobby of mine."
"90895387036106755","90895216181116928","21220563","","","2011-07-12 21:28:43 +0000","web","@Mordicant I know you're joking but I'm actually in the Blue Ridge :P"
"90893611146817537","","","","","2011-07-12 21:21:40 +0000","web","Seen on same truck: ""Jesus Is Lord"" sticker and ""Hillbilly's Scrapyard"" sticker with two blindfolded naked women (not obscured)."
"90882475877867520","90881533845573632","135631812","","","2011-07-12 20:37:25 +0000","web","@aratina That's the point - it's a secret ""you can trust me"" sign, like the Christian Fish it's mocking was originally."
"90872103812870146","90871560117829634","314631888","","","2011-07-12 19:56:12 +0000","web","@ClassicalTips Is this some sort of opinion-collecting bot? I don't yet have children, but yes, of course. Who wouldn't?"
"90863443262980096","90862946632212480","13949182","","","2011-07-12 19:21:47 +0000","web","@rubbsdecvik @DocDan1985 I think he thinks it's some sort of sci-fi meme thing like Cthulhu..."
"90862451951812608","","","","","2011-07-12 19:17:51 +0000","web","My religious father bought a FSM bumper magnet. I probably shouldn't tell him."
"90859348691128321","90859087146913795","88223099","","","2011-07-12 19:05:31 +0000","web","@marshray I may be young but I do know what an LP is ;D Cool though, do you have the name so I can look up if it's been dumped online?"
"90856168519503873","","","","","2011-07-12 18:52:53 +0000","web","Google Music has decided that the icon for my Teto's Turn Forveer playlist is Ranka from Macross. #nyannyan #nyannyan #nihaonyan"
"90855111944970240","90853496580087809","191452023","","","2011-07-12 18:48:41 +0000","web","@Heos2A03 @arbhor Hey now, I compose for the system I *actually owned* as a small child!"
"90854795132407808","90850241703723008","35106260","","","2011-07-12 18:47:25 +0000","web","@TristEndo ChromeOS is pretty nice, except for all the Developer Beta Dirt I've been eating! Flash is the devil."
"90854571571814401","90850999929016320","21220563","","","2011-07-12 18:46:32 +0000","web","@Mordicant Markov Chaining is a simple AI technique for combining commonly-used-together phrases to make *almost* coherent sentences."
"90850315020140545","","","","","2011-07-12 18:29:37 +0000","web","Has anyone ever written a markov chain thingie for music? Like, dump in a bunch of textualized classic music and see what comes out?"
"90834306557157377","90759616778080256","28470285","","","2011-07-12 17:26:01 +0000","web","@sqorgar I think there really were a lot of better games 10-20 years ago, but also a lot of lame obscure ones we've forgotten."
"90831773042352128","90672405516783616","35106260","","","2011-07-12 17:15:56 +0000","web","@TristEndo however I can't really ohc... I think for every chiptune I've ever done, I've had approximately two seconds finished after 1 hour"
"90831320086876160","90672667383967744","35106260","","","2011-07-12 17:14:08 +0000","web","@TristEndo wait... you mean I can write nsfs from my ChromeOS laptop now?! :D :D &lt;3 &lt;3"
"90672245705412608","90671505167482881","35106260","","","2011-07-12 06:42:02 +0000","web","@TristEndo heehee &lt;3 Well I gotta go to bed... write a tribute to my unparalleled beauty, intelligence, grace, wit, and humility ;)"
"90670782300164096","90669975429324800","35106260","","","2011-07-12 06:36:13 +0000","web","@TristEndo what? do I get my free song or not? ;D"
"90666159074050048","90661852983472128","35106260","","","2011-07-12 06:17:51 +0000","web","@TristEndo famicom disk system... battle of the bits?"
"90655571111444480","90654329165455360","18954686","","","2011-07-12 05:35:47 +0000","web","@Kytri ooh ooh I know. The magical lightning in one world is directly channeling into his suddenly very high libido in the other?"
"90612218479120385","90611623793917952","18954686","","","2011-07-12 02:43:31 +0000","web","@Kytri I had NO IDEA. You are all terrible friends! (#exceptnotreally) I promise I won't start posting revealing photos of @ShadowTodd ;)"
"90611196406939648","","18954686","","","2011-07-12 02:39:27 +0000","web","@kytri you've opened up a whole new world of trolling possibilities for me. I can't believe I somehow missed this."
"90609962371383296","","168769498","","","2011-07-12 02:34:33 +0000","web","@ShadowTodd I can't believe I've known a famous person with a secret identity for years now! You're now slightly more attractive ;)"
"90603562916261888","","168769498","","","2011-07-12 02:09:07 +0000","web","@ShadowTodd ZOMG I HAVE SEEN YOUR FACE. And your little brother is way cuter."
"90601259178008577","90600370102992896","18954686","","","2011-07-12 01:59:58 +0000","web","@Kytri *sob* i lost my talking-to-strangers virginity in that room!"
"90600019740196864","90598803735973888","18954686","","","2011-07-12 01:55:02 +0000","web","@Kytri pfffffhahahaha ohmygosh that is totally Furry Mike's living room on tvtropes!!! Good times were had by all!"
"90599749668974592","90598803735973888","18954686","","","2011-07-12 01:53:58 +0000","web","@Kytri he's affiliated with that guy with the glasses?! ... well I guess that explains why Drunk Kenny was showing me those videos!"
"90598302680227840","90597645571207169","18954686","","","2011-07-12 01:48:13 +0000","web","@Kytri Thou must linketh me, for I knoweth not of what thou speak. Also, being worthy of tvtropes is... my life's dream *manlytears* ;)"
"90593776137011202","90591694713659392","18954686","","","2011-07-12 01:30:14 +0000","web","@Kytri I know Kenny. I did not know Kenny had any published-type works. Maybe because I've only ever seen him wasted."
"90590254821683201","","18954686","","","2011-07-12 01:16:14 +0000","web","@Kytri OH GODS YOU HAVE A TVTROPES YOU ARE MY HERO"
"90588579973181440","","","","","2011-07-12 01:09:35 +0000","web","D&D nerds, your power is needed: drow as in cow or as in row? #ivotecow"
"90575211887476737","","","90564615091654656","199585404","2011-07-12 00:16:27 +0000","web","RT @ooitch: @pzmyers Can you help us #savethistelescope ? Petition to save the James Webb Space Telescope http://t.co/gR1sYTu Sign & pas ...","http://www.change.org/petitions/do-not-cancel-funding-for-the-james-webb-space-telescope?share_id=GThiBUrahL&utm_source=share_petition&utm_medium=twitter"
"90566628013637632","90532011617435648","40855522","","","2011-07-11 23:42:21 +0000","web","@AdmiralA I have a two-word solution to that. Well, one word and a three-letter acronym. The word starts with ""f"""
"90536983016914944","","","","","2011-07-11 21:44:33 +0000","web","Also, why do I have to install a special music management program just to upload mp3s to Google Music? HTML5 Upload works great!...."
"90534152373411840","90532527185469440","16521087","","","2011-07-11 21:33:18 +0000","web","@MrToph I'm not about to hit ""More..."" five hundred times to find out, sorry ;)"
"90532059537350656","","","","","2011-07-11 21:24:59 +0000","web","RT @MrToph If I've learned one thing from reviewing educational security material, example.com is vulnerable as hell, don't go there."
"90531366143401984","90529910715723777","16521087","","","2011-07-11 21:22:14 +0000","web","@MrToph can't retweet it but I can retweet your two newest. Must be a sticky bit!"
"90527076398010368","90524329619628032","16521087","","","2011-07-11 21:05:11 +0000","web","@MrToph Aim for RT button. Notice it missing. Sadness forever!"
"90526567285006336","","","","","2011-07-11 21:03:10 +0000","web","Google Music uses a flash player in Chrome? Laaaaame. Is this the era of HTML5 staking Flash in the heart or not?"
"90507963671908352","90507342315130880","7684302","","","2011-07-11 19:49:14 +0000","web","@howtogeek well last night I dreamed @pzmyers ' uni shut down and he had to work in a Starbucks as a barista. So maybe that's a good thing."
"90507116699324416","90506505127854080","7684302","","","2011-07-11 19:45:52 +0000","web","@howtogeek Actually you're one of the few people I twitterstalk who I haven't had a dream about... unlike poor @jennifurret and @pzmyers"
"90503896845398017","90502234529468416","7684302","","","2011-07-11 19:33:05 +0000","web","@howtogeek okay good... so you're NOT one of the people on Twitter I've told about my weird dreams involving them, right? ;D"
"90501423409807361","90501155972591618","7684302","","","2011-07-11 19:23:15 +0000","web","@howtogeek ouch, was it something I said? ;) #iDontKeepTrackOfWhatiSayOnTwitter"
"90500978209591296","90499906988539905","7684302","","","2011-07-11 19:21:29 +0000","web","@howtogeek I'd ask how we came out sane, except I'm pretty sure I didn't."
"90499149149118465","90498752070172672","7684302","","","2011-07-11 19:14:13 +0000","web","@howtogeek Did you also (like my fiance) have a Tooth Angel rather than a Tooth Fairy? #fairiesareevil"
"90498295327240192","90497292565614592","64795567","","","2011-07-11 19:10:49 +0000","web","@DustinLuck @io9 @howtogeek Extremely fundamental religious school. She also told us not to eat Devil Cake."
"90493940297498624","90492348294901761","28470285","","","2011-07-11 18:53:31 +0000","web","@sqorgar I can't wait! Tell Hubert I love him!"
"90492999984889856","90490902220517376","64795567","","","2011-07-11 18:49:47 +0000","web","@DustinLuck @io9 @howtogeek Holy invectives, I still remember my 1st grade teacher telling us that cartoon was evil because of those sayings"
"90486822806892544","","28470285","","","2011-07-11 18:25:14 +0000","web","@sqorgar I returned to your site and discovered to my delight that you had finished the most recent AMD episode. Then I reread them all! :D"
"90484634902732800","90434260791590912","14159456","","","2011-07-11 18:16:32 +0000","web","@dildog @sanitybit AAUUUUGH. brb purging computers with nvidia chipset in the flames of salvation"
"90484466576924672","90438724193763328","117214508","","","2011-07-11 18:15:52 +0000","web","@SPCoulson If they know how many characters the password is, that means they've cracked it already."
"90472073620762624","90302433024159744","207691003","","","2011-07-11 17:26:37 +0000","web","@Kufat When I clicked it, it appeared to just dump me into the citations..."
"90300356545880064","","","","","2011-07-11 06:04:17 +0000","web","What on earth? This article seriously uses pi as a citation number. ctrl-f for ""in the known world"" http://t.co/nT831E2","http://en.wikipedia.org/wiki/Aredvi_Sura_Anahita"
"90288880800116736","","","","","2011-07-11 05:18:41 +0000","web","@m1sp well some of the lesser ones believe in the greater ones... some don't :) there's one char who's OBSESSED with her greater god's work."
"90286771245559809","","","","","2011-07-11 05:10:18 +0000","web","@m1sp the common people believe in ""greater gods"" who are off in afterlifeland getting wasted or w/e while the lesser ones rule countries"
"90283706476015616","90282763827167233","45715585","","","2011-07-11 04:58:07 +0000","web","@misuzulive My dad has a crazy memory for what cars he's seen... sometimes we pass the same car the next day on a trip..."
"90283408596549633","","","","","2011-07-11 04:56:56 +0000","web","@m1sp and in practice none of them ever live long enough to really get good mileage out of their sparkly soul overlay."
"90282739818954752","","","","","2011-07-11 04:54:17 +0000","web","@m1sp Well let me put it this way, the divinity is real but an abstract quality, and it wears whatever finite mortal person suits it."
"90282445466902528","","","","","2011-07-11 04:53:07 +0000","web","@m1sp All aboard the S.S. Male Rogue Lurves Male Mage Forever! *blares the horn* #shipping"
"90273828437102592","","","","","2011-07-11 04:18:52 +0000","web","@m1sp The ""gods"" aren't really any more godly than, say, Dumbledore... but they like to think they are! Except for a few more moral ones."
"90272938175111168","","","","","2011-07-11 04:15:20 +0000","web","@m1sp and EVERYONE'S GAY/BI/TRANS/REGRETFUL OF BEING STRAIGHT WOOHOO! (Not literally everyone of course. But enough of them!)"
"90272013570154496","","","","","2011-07-11 04:11:39 +0000","web","@m1sp The concept is that minor gods are quite mortal and can be... replaced. Much political instability and anime-style 1:1 combat ensues."
"90271659973554176","","","","","2011-07-11 04:10:15 +0000","web","@m1sp Well I can tell you a lil about it... Silk Road fantasy setting, people with gender identity issues, and needless violence!"
"90271331697967104","90270649385357312","5637652","","","2011-07-11 04:08:57 +0000","web","@codinghorror What kind of dictator regulates people's discussions like that? What are you, some sort of meme nazi? ;D"
"90264701207986176","","","","","2011-07-11 03:42:36 +0000","web","@m1sp heh cool! Speaking of serial... need to work on my story... there's a new serial publisher looking for &lt;s&gt;suckers&lt;/s&gt; novelists!"
"90255452776050688","90251592049246208","119217218","","","2011-07-11 03:05:51 +0000","web","@IndigoShinx that's actually really cool! are you manually patching the asm or something equally as crazy?"
"90250888765120512","","","","","2011-07-11 02:47:43 +0000","web","When considering a name for a company, type the first few letters into Google. If a deadly disease is the first suggestion... ehh maybe not."
"90243098118074368","","","","","2011-07-11 02:16:45 +0000","web","I just realized... Minecraft's official API coming out means... DANGIT I WILL FINALLY HAVE TO LEARN JAVA AUUUUGH"
"90204808132296704","90201394283425792","4620451","","","2011-07-10 23:44:36 +0000","web","@BadAstronomer you are the third blogger TODAY I've seen mention their pantslessness. Eerie music time!"
"90198114337697793","","","","","2011-07-10 23:18:00 +0000","web","I've done over seventy blocks already on my NES #minecraft texture. Granted, sixteen of those were solid color, but whatever."
"90197090931716096","90193822675501056","91692348","","","2011-07-10 23:13:56 +0000","web","@KBE7 I'm not Neil but I can answer... because ""theory"" is actually as high as observational evidence (ie, everything but pure math) can go."
"90154713361817600","90151046097281025","207691003","","","2011-07-10 20:25:33 +0000","web","@Kufat you mock me T_T"
"90128753958723584","90127421487063040","6878632","","","2011-07-10 18:42:24 +0000","web","@zenalbatross @anamanaguchi YOU ARE WELCOME. REMEMBER THIS WHEN WE COME... FOR PAYMENT. MAGIC IS FUELED BY BLOOD. Signed, a coder."
"90113753164677121","","","","","2011-07-10 17:42:47 +0000","web","One of the villains I drew ended up looking like some sort of evil sorceress Teto. Unintentional, but delightful."
"90106547467853824","89941490175983616","146114262","","","2011-07-10 17:14:09 +0000","web","@inversephase No need to be in perfect sync... a cover is an interpretation, not a clone!"
"89922075606786049","89919322373373952","5637652","","","2011-07-10 05:01:08 +0000","web","@codinghorror there are pretty much two entirely separate crowds of homeschooling types. One really crazy, one not so much."
"89899329036365824","","","","","2011-07-10 03:30:44 +0000","web","After remembering that I hade shading stuff, I accept @tpw_rules ' challenge to do it four colors per block, NES colors only."
"89893152999211008","","","","","2011-07-10 03:06:12 +0000","web","Time to draw my own Minecraft tileset using my NES + Commodore 64 color palette. Because, uh, AMERICA or something."
"89863836143849473","89862065258377216","6878632","","","2011-07-10 01:09:42 +0000","web","@zenalbatross hey, I know that guy! 8D"
"89850073034395649","89849349516955648","42256596","","","2011-07-10 00:15:01 +0000","web","@jennifurret Not meaningful data until we have a timeframe and a comparison to the mean/median/mode!"
"89826607606411264","89822214609842176","75016581","","","2011-07-09 22:41:46 +0000","web","@dutchinamerica Just asking around my Dutch contacts in case anyone has seen one like it before. Thanks :)"
"89785338763026432","","","","","2011-07-09 19:57:47 +0000","web","OH from old people: ""Well, Jimmy died. I didn't want to bring it up to her right then, but his wife should take his place on our bingo team"""
"89777530713800704","89776598580072449","298681856","","","2011-07-09 19:26:45 +0000","web","@Evil_Minecraft it'll be a starting point, but you'll have to clean it up a bunch. Use nearest neighbor obviously..."
"89774881067114496","89774363808759808","15659248","","","2011-07-09 19:16:14 +0000","web","@almightygod @tpw_rules @Xaosopher So if you talk to me... and you talk to my friends... does that mean we should start a cult?"
"89773075972886530","89771624408162304","146114262","","","2011-07-09 19:09:03 +0000","web","@inversephase The two plates for $25... also got a cliche kissing Dutch children statue."
"89766818071326720","","75016581","","","2011-07-09 18:44:11 +0000","web","@dutchinamerica You ever seen one of these? Are they worth anything? http://t.co/Oy5BJJd","https://lh4.googleusercontent.com/-L57Se1vSBk8/Thie_XrDB-I/AAAAAAAAAME/N_4_7LwfWOU/Photo+on+2011-07-09+at+14.29.jpg"
"89766553905664001","","","","","2011-07-09 18:43:08 +0000","web","I actually got two of them, in case it turns out to be worth a zillion and three dollars (I doubt it)."
"89766304030015489","","","","","2011-07-09 18:42:09 +0000","web","This link should work... look what I found in an American flea market! http://t.co/Oy5BJJd cc: @DutchEmbassyDC #netherlands #dutch","https://lh4.googleusercontent.com/-L57Se1vSBk8/Thie_XrDB-I/AAAAAAAAAME/N_4_7LwfWOU/Photo+on+2011-07-09+at+14.29.jpg"
"89760938802159618","89728355833876480","8005492","","","2011-07-09 18:20:50 +0000","web","@pzmyers I sent it... hopefully it will go through. Is Skatje on? Does she want to be? (Is she too cool for us?)"
"89723760269205504","89723547580252160","8005492","","","2011-07-09 15:53:06 +0000","web","@pzmyers I have an invite button right now - presumably because I am cooler than you."
"89538205304627201","89537487474659328","8005492","","","2011-07-09 03:35:46 +0000","web","@pzmyers Haha, I bounced over to add you, and realized that I had already pre-emptively added you by address...."
"89537962689298433","89537487474659328","8005492","","","2011-07-09 03:34:48 +0000","web","@pzmyers Now, the deluge of fangirls."
"89524636244656128","89522559380492288","45715585","","","2011-07-09 02:41:51 +0000","web","@misuzulive I knew exactly what that picture would look like before I even clicked..."
"89504631536877569","","","","","2011-07-09 01:22:21 +0000","web","You might live in the middle of nowhere if: you have to double-check if the pizza parlor is open at 9:30 on a Friday."
"89484919419568128","","","","","2011-07-09 00:04:02 +0000","web","Since someone asked, the ""no whip cream"" thing means my dad thinks I need to cut calories."
"89484776402190336","89484093850517504","146114262","","","2011-07-09 00:03:27 +0000","web","@inversephase is that like, a word?"
"89476880633315328","","","","","2011-07-08 23:32:05 +0000","web","You might be a #dwarffortress player if the words ""fey mason"" make you jump for joy rather than very concerned."
"89435536556703745","","","","","2011-07-08 20:47:48 +0000","web","Dad brought me home my favorite mocha and made a big point of saying there was no whip cream in it. Ouch."
"89404486799466496","89400687691169792","23830105","","","2011-07-08 18:44:25 +0000","web","@joedamato but come to think of it... I don't think I've ever met a single geek I didn't consider at least mildly interesting!"
"89404150114295808","89400687691169792","23830105","","","2011-07-08 18:43:05 +0000","web","@joedamato Well your original comment seemed to imply there was a shortage of the sorts of girls who would talk to a programming nerd."
"89399126999044096","89398479302033409","23830105","","","2011-07-08 18:23:07 +0000","web","@joedamato They're *sometimes* true. There are tons of geeky girls out there. I could write a book on what the real problem is ;)"
"89396151538814977","","","","","2011-07-08 18:11:18 +0000","web","Stranger circles me on g+ -&gt; check his visible stream -&gt; ""I found a girl who plays Dwarf Fortress! I'm in love with her!"" Sorry dude, taken!"
"89392195408375808","89388327345725440","23830105","","","2011-07-08 17:55:34 +0000","web","@joedamato @sanitybit Tsk! Stereotypes. I am attracted to programming shirts."
"89386936405471233","89291700014559232","211105430","","","2011-07-08 17:34:41 +0000","web","@JahKob it's the American Way."
"89201195029237761","89200330549633024","42256596","","","2011-07-08 05:16:36 +0000","web","@jennifurret I've heard the ""time of month"" line dozens of times and, against all odds, they've never ONCE been right."
"89184931607085056","89184228708859904","207691003","","","2011-07-08 04:11:59 +0000","web","@Kufat @jephjacques I don't care who Dora hooks up with unadvisedly, I just want to see Marigold and Hanners fall in loooooove"
"89145357367377920","89143954607570944","59265177","","","2011-07-08 01:34:44 +0000","web","@berickcook Part of it was your nice clear voice though. Too many youtube videos are done by someone with a voice made for silent film."
"89118523049246720","89092593610276865","59265177","","","2011-07-07 23:48:06 +0000","web","@berickcook Whoa hey you found that! Haha. Don't tell my protohusband. Computer science envy."
"89118015446200320","89109482222780417","65845659","","","2011-07-07 23:46:05 +0000","web","@0xcharlie ""victim of most nonsensical infosuck""? But that one'd be a really tough call...."
"89077730133553152","89069704471257090","72073289","","","2011-07-07 21:06:00 +0000","web","@RapGenius @codinghorror I don't know what you're talking about."
"89050672485507072","89049604309520384","21812838","","","2011-07-07 19:18:29 +0000","web","@0ph3lia I'm unemployed and in the market to be a sellout ;)"
"89025315254452225","","","","","2011-07-07 17:37:43 +0000","web","This is the duck that made the Kessel Run in under twelve parsecs! #replaceawordinafamousquotewithduck"
"88989892310339585","","","","","2011-07-07 15:16:58 +0000","web","You have my sword!, and my bow!, and my duck.  #replaceawordinafamousquotewithduck"
"88988628272939009","","","","","2011-07-07 15:11:56 +0000","web","A duck for a duck makes the whole world fowl.  #replaceawordinafamousquotewithduck"
"88987825470574593","88986767696465921","8005492","","","2011-07-07 15:08:45 +0000","web","@pzmyers Unlike humans, you can just program them to want you (it's even ethical... probably)."
"88984566668337153","88982585220407296","239696089","","","2011-07-07 14:55:48 +0000","web","@CommodoreUSA @commie22 I'm not a sports person, but I'd like sports slightly more if you really were Commodore #64 ;)"
"88981436652204033","88870223402373120","152912796","","","2011-07-07 14:43:22 +0000","web","@scottamcintyre @mikkohypponen Funnily enough, if you'd asked me, those are the only 3 AV's I'd name as willing to run on my own box."
"88980854130491392","88949870907502593","82890073","","","2011-07-07 14:41:03 +0000","web","@nonstampNSC photos of the extended family he's leaving behind to drown like rats!"
"88844257623937025","","","","","2011-07-07 05:38:16 +0000","web","WELL. Google+ is crashing @googlechrome (I think it's the gtalk widget) and it's awfully hard to submit feedback when it's crashing!"
"88820355443077121","88818614660108288","48889083","","","2011-07-07 04:03:17 +0000","web","@stillchip  One person got it already... so they ARE rolling out... haha, check your spam ;)"
"88816654020128768","88816106852188160","190086036","","","2011-07-07 03:48:35 +0000","web","@NotThatGreg You just go to http://t.co/Q9Z2IcD and fill out your profile number and your desired URL","http://gplus.to"
"88808857631068160","","","","","2011-07-07 03:17:36 +0000","web","http://t.co/BlBbMdg I can has vanity short url?","http://gplus.to/abadidea"
"88799211386179584","","649313","","","2011-07-07 02:39:16 +0000","web","@flekkzo I stalked down your email identity and sent the invite."
"88798877641220097","","","","","2011-07-07 02:37:56 +0000","web","Should specify that I meant recent graduates, not overall."
"88797659506282496","","","","","2011-07-07 02:33:06 +0000","web","My mom told me to cheer up because nearly 50% of computer scientists are employed! #sincewhenisthatagoodnumber"
"88797020067860480","","48889083","","","2011-07-07 02:30:34 +0000","web","@stillchip I finally was able to send you a g+ invite, you should see it soon"
"88795346687365120","","","","","2011-07-07 02:23:55 +0000","web","People who were waiting on me for an invite to g+ better dm me their address NOW before they take away my button again."
"88794245820981248","88793484554805250","190086036","","","2011-07-07 02:19:32 +0000","web","@NotThatGreg ""That Greg? No, not that Greg... wait, yes, NotThatGreg!"""
"88729355215319040","88727678265462785","107076934","","","2011-07-06 22:01:41 +0000","web","@ezchili is your skin lava... or the girl from super meat boy?"
"88690466614288384","","","","","2011-07-06 19:27:09 +0000","web","I have a get-rich-quick plan!.... t-shirts!... there's a totally untapped market for snarky geek-themed t-shirts, right?"
"88672913665953793","88671722554929152","297668848","","","2011-07-06 18:17:24 +0000","web","@Evil_Notch still rooting for lava mermaids #makesperfectsense"
"88667914416295936","","","","","2011-07-06 17:57:32 +0000","web","Apparently it's #nationalkissingday and my protohusband is about three and a half hours south of here. Sadness forever"
"88656900622782464","88514969804603392","68878049","","","2011-07-06 17:13:46 +0000","web","@Xaosopher lol you didn't know about the mikucar?"
"88465649273274371","88464395126050818","146114262","","","2011-07-06 04:33:49 +0000","web","@inversephase The comment about the shirt you mean? Incidentally, I also have a c64 shirt and I have been known to wear it!"
"88454951944196096","","","","","2011-07-06 03:51:18 +0000","web","Wordpress has a problem. There was confusion about WHICH recent source code compromise I was talking about."
"88430921514106880","88430474116087808","42256596","","","2011-07-06 02:15:49 +0000","web","@jennifurret If you squish it properly, it will stick to the ceiling. I have a dead spider that's been there over a year now. #truestory"
"88430684456230912","88418361452662784","8259712","","","2011-07-06 02:14:52 +0000","web",".@danfrakes ~/Library now a hidden folder?! What Apple fruit basket do I have to beat over the head with the nearest hardcover CS book?"
"88429808652005376","88417200729358337","761032","","","2011-07-06 02:11:23 +0000","web","@DaisiesAndShit @hemantmehta Meanwhile, in ""I haven't loaded anyone's blog for five days now"" land, all is blissful and serene. #ahhsilence"
"88399426460188673","","","","","2011-07-06 00:10:40 +0000","web","#autismawareness stop trying to coerce people who are naturally different into your artificial social structures. Let them be weird & happy."
"88399112331988993","","","88308497313300480","18393773","2011-07-06 00:09:25 +0000","web","RT @neilhimself: Of course. RT @thenicolabryant: please help raise awareness on #autismawareness day as we try to get #autismawareness t ..."
"88397267727433728","88396957390868481","8917142","","","2011-07-06 00:02:05 +0000","web","@dakami if you were on g+ with me you'd have seen it! and my penguin hat!"
"88396358683328512","","","","","2011-07-05 23:58:28 +0000","web","It seems the reason all these strangers are circling me on g+ is that they really want to know about my Two Girls 1up shirt. #itsprettysweet"
"88381713079730177","88378998207430656","5637652","","","2011-07-05 23:00:17 +0000","web","@codinghorror No surprise... kids are still years off for me and I already stay up late worrying how I can do it without wasting my degree."
"88367602228928512","","","","","2011-07-05 22:04:12 +0000","web","What time is it? It's COLLECT MORE TETO SONGS TIME. #tetotimeforever"
"88366693407133696","88365763865493505","45715585","","","2011-07-05 22:00:36 +0000","web","@misuzulive oh Gordon, come teach me some theoretical physics &lt;3 &lt;3"
"88365276671905792","88364322052509696","1252901","","","2011-07-05 21:54:58 +0000","web","@amcpherson That would be the 12% of Linux users who are forced to use IE at work by braindead IT policy managers."
"88334998582726656","88334125051809792","16521087","","","2011-07-05 19:54:39 +0000","web","@MrToph Yet another person who looks nothing like I imagined! I imagined you as a giant blue eyeball."
"88333656757780480","","","","","2011-07-05 19:49:19 +0000","web","""What have we learned today? AHHHHHHHGH I'M ON FIIIIII-RRRRE"" #minecraftLetsPlayQuotes #courtesyofHatFilms"
"88300546204778496","88296927329918976","23034673","","","2011-07-05 17:37:45 +0000","web","@hemantmehta I actually couldn't remember if Christwire was one of those satires or not... and since it's down, I'll have to trust WP's word"
"88298163961724928","88296927329918976","23034673","","","2011-07-05 17:28:17 +0000","web","@hemantmehta service temporarily unavailable... looks like you bring in more readers to christwire than they do on their own merits ;)"
"88296285026779136","88294987925700608","4620451","","","2011-07-05 17:20:49 +0000","web","@BadAstronomer you really can't get through to some people that part of the problem is they're unaware they're part of the problem."
"88099180811259905","88097272658796544","82890073","","","2011-07-05 04:17:36 +0000","web","@nonstampNSC I assume that cows hold the same position as sheep and doves as Standard Sacrificial Fare."
"88098565209067521","88097590167609345","82890073","","","2011-07-05 04:15:09 +0000","web","@nonstampNSC WAS IT PANAMA? That's why we had to dig a giant trench through it, right?!"
"88082667039502336","","","","","2011-07-05 03:11:58 +0000","web","@m1sp @eevee well now I know who to consult for fine-tuning my own game's type and ability system! #datadrivendecisions"
"88081704291540992","","","","","2011-07-05 03:08:09 +0000","web","@m1sp Also, the obsessive thoroughness of your pokedex thing is frightening me."
"88075380606513153","","","","","2011-07-05 02:43:01 +0000","web","@m1sp oh my gosh your site is channeling my dead grandfather"
"88075087865061376","","","","","2011-07-05 02:41:51 +0000","web","I get my best thinking done during fireworks displays. Go buy another three millions' worth of those big ones. Such is the cost of genius."
"88049169763278852","","","","","2011-07-05 00:58:52 +0000","<a href=""http://mobile.twitter.com"" rel=""nofollow"">Mobile Web</a>","Fireworks from a stranger,s yard full of ww2 trucks"
"88024577233518592","","","","","2011-07-04 23:21:09 +0000","web","@m1sp If the worldgen places lava in water, no obsidian forms until the player touches it. Same principle as worldgenned sand floating."
"88001610420199424","","","","","2011-07-04 21:49:53 +0000","web","NOTICE QUICKMEME ATTEMPTS TO BLOCK SAVING PICTURES - RIGHT CLICK, INSPECT ELEMENT #memepicturewithoutpicture"
"87998793232027649","87995769939951617","68878049","","","2011-07-04 21:38:41 +0000","web","@Xaosopher The Law of Trolling says that I will now be endlessly tempted to use this phrase that I have never used before."
"87980529500172288","87978616847212544","8032822","","","2011-07-04 20:26:07 +0000","web","@mollstam You can patch up that lava with about a meter cubed of dirt."
"87947382679015424","","","","","2011-07-04 18:14:24 +0000","web","The Sheetz was out of the nachos I ordered so they rang up my Costly Fancy Coffee for free. It's the surprise wins in life that are best ;D"
"87933799584903168","87933162809851904","7144422","","","2011-07-04 17:20:26 +0000","web","@lifehacker From what I hear from other people being confused, it's open to SOME people, heuristic unknown."
"87923060128235520","87922421084078080","15659248","","","2011-07-04 16:37:45 +0000","web","@almightygod We all know how you are with *promises*. Never ever a time without a Davidic king, HUH?"
"87919100025778176","","","","","2011-07-04 16:22:01 +0000","web","Happy America Day! Being unemployed means I am more free than everyone else, right?"
"87903772134752256","87880685662117889","15659248","","","2011-07-04 15:21:07 +0000","web","@almightygod Whatever happened to Israel? Are you gonna ditch us like you ditched her?"
"87770050483851265","","","","","2011-07-04 06:29:45 +0000","web","Dear friends, some but not all people are now able to sign themselves up at http://t.co/pHXyoxa , good luck those still lacking invites","http://google.com/+"
"87743228253712384","87742066645405696","30071759","","","2011-07-04 04:43:10 +0000","web","@vaurora Surprisingly, user @1 does not exist."
"87714627416375296","","","","","2011-07-04 02:49:31 +0000","web","@m1sp The short ""ah"" is correct in Italian, Japanese, and almost every language on earth. English's nasaly 'aaaa' is unique and terrible."
"87711656884453376","87709652602728448","18954686","","","2011-07-04 02:37:43 +0000","web","@Kytri Well I always liked it! At the rate I'm going it'll be another decade before my figure art can compare!"
"87711407348527105","","","","","2011-07-04 02:36:43 +0000","web","AHHH WHY DO BRITISH PEOPLE SAY MARY-O PEOPLE IT IS MAR-IO LIKE IN MARS #americanLecturingBritishPeopleOnPronunciation #howquaint"
"87708259024244736","87707245911085058","18954686","","","2011-07-04 02:24:13 +0000","web","@Kytri I think your figures do have a specific style, and they're solid and consistent."
"87652214855839744","87651865059270657","44478853","","","2011-07-03 22:41:31 +0000","web","@tynk_ @jennifurret I actually tried that auto-repair just yesterday and had no luck with it. Maybe Jen will fare better."
"87652041320710145","87651640424939520","42256596","","","2011-07-03 22:40:49 +0000","web","@jennifurret As long as the problem wasn't caused by the hard drive being actually broken, which is a possibility."
"87651901507776513","87651524204965888","12733992","","","2011-07-03 22:40:16 +0000","web","@mirell Weird... but I wasn't born in the state that my three digits match up to... they told me I had a code for born abroad..."
"87651342360903680","","","","","2011-07-03 22:38:03 +0000","web","Oh, and the MP3 encoder decided that the little sound at the end wasn't important and killed it. Even on a higher bit-rate :("
"87651227151773696","87650926768291840","12733992","","","2011-07-03 22:37:35 +0000","web","@mirell only if ""somewhere outside the US"" counts as a geographic region ;D"
"87650933521125376","","","","","2011-07-03 22:36:25 +0000","web","Took a stab at a Drowning Countdown chiptune... not as dramatic as I wanted... #notactuallyamusician http://t.co/Fb7BzKR","http://www.box.net/shared/reyxpgunfgnirtjixi5u"
"87650450681241600","87648143843401728","12733992","","","2011-07-03 22:34:30 +0000","web","@mirell Lemme guess... they don't have an option for ""issued abroad"", either?"
"87648351293681664","87646227293941760","42256596","","","2011-07-03 22:26:10 +0000","web","@jennifurret I don't know what your computer repair skill level is... sorry if I say something that is obvious to you."
"87647170303492097","87646227293941760","42256596","","","2011-07-03 22:21:28 +0000","web","@jennifurret Wow, um, that's really bad. Might have to take out the hard drive, use it as a secondary one to get the files off, reinstall..."
"87645331986186240","87644819404500992","21220563","","","2011-07-03 22:14:10 +0000","web","@Mordicant I'm no good at sports! And not necessarily any good at chiptunes 8D..."
"87642051906252800","87640144953360384","42256596","","","2011-07-03 22:01:08 +0000","web","@jennifurret before or after windows starts up? hope it's not ""OS Not Found"" #debuggingin140characters"
"87639714449989632","87635619999789056","42256596","","","2011-07-03 21:51:50 +0000","web","@jennifurret First thing, check that the power connectors are clean. Second, crack it open and look for loose cables."
"87634874755858432","","","","","2011-07-03 21:32:36 +0000","web","During a thunderstorm seems like a good time to start making a dramatic, tense chiptune."
"87617368381071360","","","","","2011-07-03 20:23:03 +0000","web","Am I the only #minecraft player who's never accidentally burned down their own house or what?"
"87392777842864129","","","","","2011-07-03 05:30:36 +0000","web","@chetstokes Do you think you can find me? 8)"
"87390091575701504","","","","","2011-07-03 05:19:56 +0000","web","@chetstokes Just don't make anything public."
"87386766264385536","","","","","2011-07-03 05:06:43 +0000","web","@m1sp Then I sure hope you have one of these. http://t.co/h3dLvEJ","http://gadgets.boingboing.net/gimages/lisp-machine-keyboard.jpg"
"87385439127863296","","","","","2011-07-03 05:01:26 +0000","web","@m1sp I can shorten that for you. ""#emacs. Hate. Haaaate."" #notAnEmacsPerson #iOnlyHaveTwoHands"
"87374100007358464","87367134648352768","21220563","","","2011-07-03 04:16:23 +0000","web","@Mordicant That's a pretty good one as far as first languages go. Not too simplistic. After that tho you should learn plain, original C ;)"
"87350908593242112","87348983814561792","21220563","","","2011-07-03 02:44:14 +0000","web","@Mordicant What is your first language? You won't really, truly understand programming until you learn 2 or 3 very different languages :)"
"87348598160887810","87342238992039936","14326287","","","2011-07-03 02:35:03 +0000","web","@landley Think you're reading too much into it dude :) The code I was trying to get to work on OSX was C++. So I had C++ on the brain."
"87340661321367552","87340155161149440","14326287","","","2011-07-03 02:03:31 +0000","web","@landley Well, I tend to never actually use the things that distinguish C++ from C except for syntactic sugar. I just arbitrarily said C++."
"87339378938089472","87339066739277825","40855522","","","2011-07-03 01:58:25 +0000","web","@AdmiralA mostly handwritten stuff atm, sorry. My brother and I have been working on the procedural creature system on paper."
"87338719165689856","87337971107373056","40855522","","","2011-07-03 01:55:47 +0000","web","@AdmiralA Grimdark pokemans that try to permadeath the trainer."
"87338497765158913","87337971107373056","40855522","","","2011-07-03 01:54:55 +0000","web","@AdmiralA Always intended to do a roguelike. Finally got that clear vision to make it unique. Not gonna lie, it's inspired by Pokemans."
"87337912156430336","87337429207486464","14326287","","","2011-07-03 01:52:35 +0000","web","@landley When you're used to asm and C, trying to mangle data structures in a HLL feels like painting fine details while wearing mittens."
"87331755345973248","","","","","2011-07-03 01:28:07 +0000","web","However, the C++ game framework I want to use is seriously borked for OSX... it'd be easier to emulate it in Lua with Love2D, it looks like."
"87331493143257088","87330796909760514","8917142","","","2011-07-03 01:27:05 +0000","web","@dakami I don't particularly mind it, except that I'm used to being able to twiddle my bits directly - feels like painting with mittens on."
"87330077095895041","","","","","2011-07-03 01:21:27 +0000","web","What kind of crazy person am I? I'd rather code this in C++ than Lua..."
"87283879702052864","87283536624754688","207691003","","","2011-07-02 22:17:53 +0000","web","@Kufat *I* know that, but it isn't my laptop and I'm not the one who just decided to run totally-benign-keygen.exe"
"87268914140168193","","","","","2011-07-02 21:18:25 +0000","web","inb4 anyone telling me it's ""if I WERE a magical girl""."
"87266976426233856","","","","","2011-07-02 21:10:43 +0000","web","If I was a Magical Girl, my signature move would be a tornado called the Mersenne Twister."
"87262559782187009","","","","","2011-07-02 20:53:10 +0000","web","So it turns out that my brother's laptop was ruined by..... a Vocaloid keygen. Wat. #letmetellyouabout #UTAU"
"87258704994504705","87038633407811584","16076004","","","2011-07-02 20:37:51 +0000","web","@eqe @vaurora Hey, it's grammatically correct and coherent English. They clearly really mean it."
"87258173299376129","","","","","2011-07-02 20:35:44 +0000","web","@m1sp Unacceptable."
"87256951641223168","","","","","2011-07-02 20:30:53 +0000","web","Raged entirely too hard when someone stumbled into a conversation amongst programmers and said ""what's an asterisk? Oh lol, that's a star!"""
"87253042654740480","87251708559884288","239958042","","","2011-07-02 20:15:21 +0000","web","@thefactmaker Well it hasn't made any odd noises or done anything else at all indicative of a sour drive. But maybe I'm just that unlucky."
"87249060775469057","","","","","2011-07-02 19:59:31 +0000","web","@m1sp oh gods are you my brother? Wait. He's here in the room with me. Are you my brother and also telepathically tweeting?!"
"87245643785043968","","","","","2011-07-02 19:45:57 +0000","web","Holy hang gliders, why is chkdsk finding index errors immediately after a clean Windows 7 install? #screwed"
"87244286227267585","","","","","2011-07-02 19:40:33 +0000","web","@m1sp Out of idle curiosity, are you a boy or a girl or a yesnoeitherboth? Your avatar and your name both could go either way...."
"87216252833116160","87215758307897344","207691003","","","2011-07-02 17:49:09 +0000","web","@Kufat she's like, a freshman. A million years too young for you. Creepo."
"87215611339485184","87214600096989185","207691003","","","2011-07-02 17:46:36 +0000","web","@Kufat It looks natural... & she's wearing a Mario shirt in her profile pic. I'm not a unique and special snowflake anymore #identitycrisis"
"87213663404032001","","","","","2011-07-02 17:38:52 +0000","web","*snif* my alma mater has replaced me with another Token Compsci Girl. She has red hair. She plays D&D... but I'll always be the best, right?"
"87032992102494209","87027424906317824","5637652","","","2011-07-02 05:40:56 +0000","web","@codinghorror On my Linux, the two finger slide will scroll down a ways then suddenly scroll back UP... does that happen to you too?"
"87006578506596352","","","","","2011-07-02 03:55:59 +0000","web","Oh, and yes, the dylib appears to be in the library search path of the xcode project. Should have fit that into the previous one."
"87006116592095232","","","","","2011-07-02 03:54:09 +0000","web","For all their great interfaces otherwise, xcode is just totally opaque to me."
"87005919254286336","","","","","2011-07-02 03:53:22 +0000","web","So, I have this xcode project, and I have this dylib. The product executable of the xcode proj can't find the dylib. How do I fix, internet?"
"87001132341280768","87000256184729600","82890073","","","2011-07-02 03:34:21 +0000","web","@nonstampNSC http://t.co/OMKRdjx","http://en.wikipedia.org/wiki/Cribbing_(horse)"
"87000887075151872","87000256184729600","82890073","","","2011-07-02 03:33:22 +0000","web","@nonstampNSC Horses. Classic symptom of a bored horse is he's chewing on the fence. They sell nasty spray to discourage it."
"86995479916838913","86993870109409281","48889083","","","2011-07-02 03:11:53 +0000","web","@stillchip If I'm listed twice, does that mean I'm super double extra interesting?"
"86977210346512385","","","","","2011-07-02 01:59:17 +0000","web","11-character-display ASCII typewriter in #minecraft http://t.co/2pGeDdu #iminlovewiththisguy","https://www.youtube.com/watch?v=_3Zu9dg-4FA&feature=player_embedded#at=232"
"86931384635113472","","","","","2011-07-01 22:57:11 +0000","web","@tacitsawk Web-based IDEs aren't really that much help with programming for SDL, lol."
"86929374334554112","","","","","2011-07-01 22:49:12 +0000","web","@tacitsawk Okay! Can you help me get my little brother pried off my desktop workstation that he stole? Can't program Lua on a cr-48..."
"86915245213368320","86913994627088384","16521087","","","2011-07-01 21:53:04 +0000","web","@MrToph It's a 2D roguelike idea I've been kicking around that borrows from ""catch them all"" kiddie games, except in a less kiddie fashion."
"86912852790747136","","","","","2011-07-01 21:43:33 +0000","web","ATTN: friends and stalkers! Please begin reminding me to stop reading game theory articles and actually work on the game!"
"86905046398271490","86904612921155586","112344837","","","2011-07-01 21:12:32 +0000","web","@MinecraftChick Yeah they're only two orders of magnitude apart! That's good enough for astrophysicists and it's good enough for me :D"
"86897391277588480","86843875951517698","107076934","","","2011-07-01 20:42:07 +0000","web","@ezchili @mirell Added both of you! My name is Melissa and I am the girl with a penguin on her head. Lots of strangers adding me... #hmm"
"86837504858275840","86793992406175744","107076934","","","2011-07-01 16:44:09 +0000","web","@ezchili what is your profile name on g+? I assume it's not just ""ezchili""..."
"86836165361152000","86828044840476672","930061","","","2011-07-01 16:38:49 +0000","web","@ginatrapani Noooo. I still love the pure simplicity of Twitter. It shall remain as my public face."
